{"accuracy": [0.3175487518310547, 0.3844011127948761, 0.573816180229187, 0.6991643309593201, 0.7688022255897522, 0.8579387068748474, 0.8997214436531067, 0.9136490225791931, 0.9080780148506165, 0.9247910976409912, 0.9108635187149048, 0.9108635187149048, 0.9192200303077698, 0.9192200303077698, 0.9247910976409912, 0.9247910976409912, 0.9303621053695679, 0.9331476092338562, 0.9331476092338562, 0.9526462554931641, 0.9303621053695679, 0.9331476092338562, 0.9442896842956543, 0.9275766015052795, 0.941504180431366], "loss": [1.7242225408554077, 1.3786942958831787, 1.0387526750564575, 0.7641658782958984, 0.5629714131355286, 0.4255998730659485, 0.3664834797382355, 0.29360660910606384, 0.2735006511211395, 0.2628740668296814, 0.2644801437854767, 0.2679111063480377, 0.26975035667419434, 0.27329665422439575, 0.2544615566730499, 0.2281089872121811, 0.20596860349178314, 0.2269485741853714, 0.24586854875087738, 0.1970662772655487, 0.23466570675373077, 0.19110088050365448, 0.2082803100347519, 0.1849706470966339, 0.1951649934053421], "val_accuracy": [0.25, 0.767241358757019, 0.732758641242981, 0.9051724076271057, 0.9396551847457886, 0.9224137663841248, 0.9224137663841248, 0.931034505367279, 0.9396551847457886, 0.9396551847457886, 0.9224137663841248, 0.9224137663841248, 0.9482758641242981, 0.931034505367279, 0.9396551847457886, 0.9396551847457886, 0.931034505367279, 0.9396551847457886, 0.9396551847457886, 0.9224137663841248, 0.9482758641242981, 0.9655172228813171, 0.9396551847457886, 0.9396551847457886, 0.9137930870056152], "val_loss": [1.3748273849487305, 1.3399020433425903, 1.2870038747787476, 1.1515495777130127, 0.9807012677192688, 0.7971583008766174, 0.6645508408546448, 0.538550853729248, 0.4250720143318176, 0.36988693475723267, 0.3278772830963135, 0.27626049518585205, 0.2440934181213379, 0.24118512868881226, 0.20492325723171234, 0.19961528480052948, 0.20504292845726013, 0.1791764497756958, 0.20040009915828705, 0.17786793410778046, 0.1727539300918579, 0.1658162921667099, 0.176082581281662, 0.16120770573616028, 0.19855134189128876]}