{"accuracy": [0.5905292630195618, 0.6573815941810608, 0.6935933232307434, 0.7298049926757812, 0.7075209021568298, 0.6685236692428589, 0.7214484810829163, 0.7660167217254639, 0.7604456543922424, 0.7827298045158386, 0.7743732333183289, 0.7688022255897522, 0.7910863757133484, 0.8245125412940979, 0.7938718795776367, 0.8161559700965881, 0.8412256240844727, 0.8467966318130493, 0.8607242107391357, 0.8607242107391357, 0.835654616355896, 0.8690807819366455, 0.8607242107391357, 0.8913649320602417, 0.8551532030105591], "loss": [0.9005128741264343, 0.7979229688644409, 0.6879459619522095, 0.6228964924812317, 0.6301870346069336, 0.6657664179801941, 0.6154069304466248, 0.5251209139823914, 0.5343642234802246, 0.4615480303764343, 0.5043969750404358, 0.4746907353401184, 0.46413683891296387, 0.41900813579559326, 0.4524792730808258, 0.4188890755176544, 0.3812859356403351, 0.39752140641212463, 0.35258394479751587, 0.3449990451335907, 0.35812586545944214, 0.33383771777153015, 0.3270166516304016, 0.30106332898139954, 0.3228830099105835], "val_accuracy": [0.7758620977401733, 0.7758620977401733, 0.818965494632721, 0.7758620977401733, 0.75, 0.8103448152542114, 0.8275862336158752, 0.7758620977401733, 0.7844827771186829, 0.7586206793785095, 0.767241358757019, 0.7931034564971924, 0.8017241358757019, 0.8017241358757019, 0.8017241358757019, 0.767241358757019, 0.8275862336158752, 0.8275862336158752, 0.7586206793785095, 0.7931034564971924, 0.8017241358757019, 0.7931034564971924, 0.8017241358757019, 0.8017241358757019, 0.8620689511299133], "val_loss": [0.4412684738636017, 0.41824886202812195, 0.40993064641952515, 0.41764333844184875, 0.4562014639377594, 0.37826007604599, 0.3593253493309021, 0.4406552016735077, 0.4760436415672302, 0.44706183671951294, 0.4477466344833374, 0.39339542388916016, 0.3848302662372589, 0.42674964666366577, 0.38020288944244385, 0.4425455629825592, 0.33948981761932373, 0.3448948562145233, 0.436384916305542, 0.4323963522911072, 0.37581154704093933, 0.3582863509654999, 0.3736255168914795, 0.3698311150074005, 0.2953145205974579]}