{"accuracy": [0.2869080901145935, 0.4735375940799713, 0.5626741051673889, 0.6183844208717346, 0.6824512481689453, 0.6908078193664551, 0.7047353982925415, 0.7325905561447144, 0.7409470677375793, 0.7520891427993774, 0.7743732333183289, 0.7242339849472046, 0.7715877294540405, 0.7688022255897522, 0.796657383441925, 0.7576601505279541, 0.7743732333183289, 0.7799443006515503, 0.8245125412940979, 0.796657383441925, 0.7938718795776367, 0.8607242107391357, 0.7688022255897522, 0.7910863757133484, 0.8412256240844727], "loss": [1.7937477827072144, 1.2184531688690186, 0.9307445883750916, 0.8509164452552795, 0.7928656339645386, 0.7062855958938599, 0.6547846794128418, 0.6042578816413879, 0.5759551525115967, 0.5683643221855164, 0.5105174779891968, 0.5157496333122253, 0.5268698334693909, 0.4804965853691101, 0.47959020733833313, 0.4974447190761566, 0.45905470848083496, 0.4187086224555969, 0.41385379433631897, 0.4237079322338104, 0.4341268241405487, 0.35846057534217834, 0.442893922328949, 0.42569151520729065, 0.36428171396255493], "val_accuracy": [0.42241379618644714, 0.6379310488700867, 0.6724137663841248, 0.7241379022598267, 0.681034505367279, 0.6982758641242981, 0.7844827771186829, 0.767241358757019, 0.8017241358757019, 0.8103448152542114, 0.7068965435028076, 0.8448275923728943, 0.7844827771186829, 0.7241379022598267, 0.767241358757019, 0.7586206793785095, 0.7844827771186829, 0.7758620977401733, 0.75, 0.7586206793785095, 0.8362069129943848, 0.7413793206214905, 0.75, 0.7931034564971924, 0.7931034564971924], "val_loss": [1.2442395687103271, 0.8950372934341431, 0.7776010632514954, 0.6984295845031738, 0.6811618208885193, 0.628510594367981, 0.49808311462402344, 0.5221832990646362, 0.5081193447113037, 0.4647356867790222, 0.5325445532798767, 0.44492149353027344, 0.4773063659667969, 0.5309603810310364, 0.47380125522613525, 0.4440321624279022, 0.47662970423698425, 0.4526844322681427, 0.4722696840763092, 0.4731757342815399, 0.42094653844833374, 0.4652007222175598, 0.47191739082336426, 0.44891902804374695, 0.43031367659568787]}