{"accuracy": [0.9777158498764038, 0.9832869172096252, 0.9805014133453369, 0.9888579249382019, 0.9860724210739136, 0.9860724210739136, 0.9916434288024902, 0.9860724210739136, 0.9888579249382019, 0.9916434288024902, 0.9944289922714233, 0.9972144961357117, 0.9972144961357117, 0.9944289922714233, 0.9944289922714233, 0.9860724210739136, 0.9972144961357117, 0.9972144961357117, 0.9972144961357117, 1.0, 0.9972144961357117, 0.9972144961357117, 0.9972144961357117, 0.9944289922714233, 1.0, 1.0, 0.9972144961357117, 1.0, 1.0, 1.0, 0.9972144961357117, 0.9944289922714233, 0.9972144961357117, 1.0, 0.9944289922714233, 0.9972144961357117, 0.9972144961357117, 1.0, 0.9944289922714233, 0.9972144961357117, 1.0, 0.9916434288024902, 0.9888579249382019, 0.9972144961357117, 0.9972144961357117, 0.9916434288024902, 0.9972144961357117, 0.9972144961357117, 0.9972144961357117, 0.9916434288024902], "loss": [0.07771017402410507, 0.07379553467035294, 0.06182732805609703, 0.052601687610149384, 0.051248591393232346, 0.05142617225646973, 0.04326672852039337, 0.040585655719041824, 0.044441282749176025, 0.034854598343372345, 0.02553575672209263, 0.026578180491924286, 0.028336144983768463, 0.029426826164126396, 0.025466876104474068, 0.03077940084040165, 0.01980728842318058, 0.024756351485848427, 0.019005296751856804, 0.01626582443714142, 0.02123958244919777, 0.013205770403146744, 0.015958180651068687, 0.022721339017152786, 0.012674998492002487, 0.015191889367997646, 0.014136426150798798, 0.016385918483138084, 0.008985740132629871, 0.008812611922621727, 0.015121822245419025, 0.018932035192847252, 0.013086481019854546, 0.01339134480804205, 0.02669147215783596, 0.01554020307958126, 0.013827324844896793, 0.010759418830275536, 0.02336079627275467, 0.013895646668970585, 0.014889329671859741, 0.024022391065955162, 0.025651918724179268, 0.01256567519158125, 0.016252806410193443, 0.02769778110086918, 0.01066519320011139, 0.01116118486970663, 0.022267548367381096, 0.020088113844394684], "val_accuracy": [0.9655172228813171, 0.9482758641242981, 0.9913793206214905, 0.9482758641242981, 0.9396551847457886, 0.931034505367279, 0.9396551847457886, 0.9396551847457886, 0.9482758641242981, 0.9396551847457886, 0.9568965435028076, 0.9396551847457886, 0.982758641242981, 0.9913793206214905, 0.9568965435028076, 0.9568965435028076, 0.9568965435028076, 0.931034505367279, 0.982758641242981, 0.982758641242981, 0.982758641242981, 0.9568965435028076, 0.9741379022598267, 0.9913793206214905, 0.9655172228813171, 0.982758641242981, 0.9482758641242981, 0.9741379022598267, 0.982758641242981, 0.9568965435028076, 0.9741379022598267, 0.9655172228813171, 0.9568965435028076, 0.9741379022598267, 0.9655172228813171, 0.9568965435028076, 0.9482758641242981, 0.9741379022598267, 1.0, 0.9568965435028076, 0.9741379022598267, 0.9741379022598267, 0.9568965435028076, 0.9741379022598267, 0.9913793206214905, 0.9655172228813171, 0.982758641242981, 0.9655172228813171, 0.9655172228813171, 0.9655172228813171], "val_loss": [0.1017569750547409, 0.1331159472465515, 0.06114444136619568, 0.1239301934838295, 0.14691373705863953, 0.15989331901073456, 0.14728987216949463, 0.12980154156684875, 0.11013399809598923, 0.12896017730236053, 0.09263388067483902, 0.12259143590927124, 0.056507889181375504, 0.03890245780348778, 0.0875583365559578, 0.10675763338804245, 0.10644982010126114, 0.14428341388702393, 0.06325088441371918, 0.039698339998722076, 0.04639821872115135, 0.09637127816677094, 0.062050871551036835, 0.04841106757521629, 0.07847865670919418, 0.05573956295847893, 0.11722184717655182, 0.08683143556118011, 0.05556134879589081, 0.12796436250209808, 0.07523984462022781, 0.09097494184970856, 0.10121311247348785, 0.07873310893774033, 0.08646073192358017, 0.10438027232885361, 0.09842946380376816, 0.05172352120280266, 0.019997959956526756, 0.07810725271701813, 0.06375586986541748, 0.053862594068050385, 0.10036995261907578, 0.07658115029335022, 0.0414804071187973, 0.1003122478723526, 0.06896582245826721, 0.08276494592428207, 0.08005055785179138, 0.07269102334976196]}