{"accuracy": [0.8885793685913086, 0.9359331727027893, 0.9220055937767029, 0.9247910976409912, 0.9359331727027893, 0.9331476092338562, 0.9303621053695679, 0.9442896842956543, 0.9470751881599426, 0.9247910976409912, 0.961002767086029, 0.9554317593574524, 0.9554317593574524, 0.9665738344192505, 0.961002767086029, 0.9832869172096252, 0.9693593382835388, 0.961002767086029, 0.961002767086029, 0.9777158498764038, 0.9721448421478271, 0.9749303460121155, 0.9832869172096252, 0.9777158498764038, 0.9749303460121155], "loss": [0.28724557161331177, 0.21959111094474792, 0.23054833710193634, 0.22322240471839905, 0.20141173899173737, 0.20350761711597443, 0.2048044204711914, 0.17907357215881348, 0.17667239904403687, 0.18550847470760345, 0.1376570761203766, 0.16109319031238556, 0.14722201228141785, 0.10856005549430847, 0.1355539858341217, 0.09595020860433578, 0.11420826613903046, 0.09979934245347977, 0.11357904225587845, 0.09211219102144241, 0.08165695518255234, 0.08722766488790512, 0.07315143942832947, 0.07516219466924667, 0.08133416622877121], "val_accuracy": [0.8362069129943848, 0.8620689511299133, 0.8965517282485962, 0.8448275923728943, 0.8620689511299133, 0.8879310488700867, 0.8793103694915771, 0.8965517282485962, 0.9224137663841248, 0.8879310488700867, 0.8534482717514038, 0.8793103694915771, 0.9137930870056152, 0.9051724076271057, 0.931034505367279, 0.8879310488700867, 0.9396551847457886, 0.9224137663841248, 0.9051724076271057, 0.9396551847457886, 0.9137930870056152, 0.9224137663841248, 0.9396551847457886, 0.9051724076271057, 0.9224137663841248], "val_loss": [0.3699471354484558, 0.29863598942756653, 0.25150346755981445, 0.28546568751335144, 0.3101423978805542, 0.2957245409488678, 0.3216375708580017, 0.21845346689224243, 0.2173212319612503, 0.2526078522205353, 0.2910740375518799, 0.21478310227394104, 0.2048790007829666, 0.21528705954551697, 0.19243372976779938, 0.2516753673553467, 0.1781318336725235, 0.1674189567565918, 0.21157096326351166, 0.15027867257595062, 0.19169293344020844, 0.2199530005455017, 0.14210249483585358, 0.2238650768995285, 0.173120379447937]}