{"loss": [1.3225305080413818, 0.6458360552787781, 0.49583300948143005, 0.3937969207763672, 0.3687823414802551, 0.32864296436309814, 0.29452332854270935, 0.3148171603679657, 0.27860257029533386, 0.26363876461982727, 0.25500765442848206, 0.2650659382343292, 0.2378610074520111, 0.236260324716568, 0.25560975074768066, 0.23584024608135223, 0.21979977190494537, 0.2203090935945511, 0.20391474664211273, 0.21978126466274261, 0.21706800162792206, 0.20331086218357086, 0.20342624187469482, 0.2131475806236267, 0.20809504389762878, 0.18728646636009216, 0.20370809733867645], "mae": [0.9111421704292297, 0.6681978106498718, 0.5869641900062561, 0.5348669290542603, 0.49528080224990845, 0.4660741984844208, 0.44898509979248047, 0.45380309224128723, 0.43393465876579285, 0.4188924729824066, 0.4078991413116455, 0.4186355173587799, 0.3973272144794464, 0.39227989315986633, 0.4120559096336365, 0.3884087800979614, 0.37664875388145447, 0.3723011016845703, 0.3555617034435272, 0.37911683320999146, 0.3741380274295807, 0.3633924722671509, 0.3643137812614441, 0.3683091998100281, 0.370086133480072, 0.3521343171596527, 0.3632733225822449], "val_loss": [0.49546143412590027, 0.4921926259994507, 0.4824736714363098, 0.4730680584907532, 0.4460119605064392, 0.41958755254745483, 0.4016173183917999, 0.38270238041877747, 0.34124380350112915, 0.33832457661628723, 0.28901752829551697, 0.2763795256614685, 0.2188895046710968, 0.23238147795200348, 0.2205854207277298, 0.2140214592218399, 0.1751638799905777, 0.17068012058734894, 0.20191554725170135, 0.12309478968381882, 0.1999615728855133, 0.15512028336524963, 0.17001739144325256, 0.14947068691253662, 0.14633925259113312, 0.16516490280628204, 0.15915922820568085], "val_mae": [0.6263241171836853, 0.636387050151825, 0.6251387596130371, 0.626772403717041, 0.5942703485488892, 0.5814775824546814, 0.5725517272949219, 0.5651533007621765, 0.5309833884239197, 0.5280341506004333, 0.47876259684562683, 0.4630424380302429, 0.4083961546421051, 0.41842347383499146, 0.4013898968696594, 0.4019117057323456, 0.3419122099876404, 0.3434065282344818, 0.3745940029621124, 0.2778928279876709, 0.3739437162876129, 0.3221690058708191, 0.32868027687072754, 0.31287726759910583, 0.29757407307624817, 0.3376072645187378, 0.3250964283943176]}