{"loss": [1.450332522392273, 0.9093360304832458, 0.7081358432769775, 0.5800386667251587, 0.5346947908401489, 0.5142729878425598, 0.43122345209121704, 0.3968748450279236, 0.36444157361984253, 0.3664025068283081, 0.344644159078598, 0.35190561413764954, 0.32094570994377136, 0.31641754508018494, 0.3100470304489136, 0.3027838468551636, 0.27801626920700073, 0.27760428190231323, 0.25723710656166077, 0.27422988414764404, 0.2558123767375946, 0.269440621137619, 0.25047123432159424, 0.24533265829086304, 0.23011116683483124, 0.2439211755990982, 0.24128958582878113, 0.25882017612457275, 0.20788121223449707, 0.22549046576023102, 0.21785402297973633, 0.2575801908969879, 0.21843641996383667, 0.19684942066669464, 0.2176760584115982, 0.22399593889713287, 0.24139404296875, 0.20771938562393188, 0.22626422345638275, 0.1848859339952469, 0.21224279701709747, 0.1940145641565323, 0.22131136059761047], "mae": [0.9763402938842773, 0.7691623568534851, 0.6866344213485718, 0.6206418871879578, 0.6023502349853516, 0.5825617909431458, 0.5332480072975159, 0.5083599090576172, 0.48813968896865845, 0.49047917127609253, 0.47800201177597046, 0.4798815846443176, 0.46334952116012573, 0.4649707078933716, 0.45157018303871155, 0.44703832268714905, 0.4265075623989105, 0.4315807521343231, 0.4160715341567993, 0.4205110967159271, 0.403220534324646, 0.42205044627189636, 0.40987640619277954, 0.40500372648239136, 0.38522589206695557, 0.39837780594825745, 0.39742371439933777, 0.4137614667415619, 0.3668583035469055, 0.3800015151500702, 0.3773810565471649, 0.411264032125473, 0.3760974705219269, 0.35025322437286377, 0.37472453713417053, 0.38096633553504944, 0.3902970552444458, 0.36914515495300293, 0.3839977979660034, 0.3435918390750885, 0.3640519678592682, 0.3564642667770386, 0.3735145926475525], "val_loss": [0.4904678761959076, 0.4863799810409546, 0.48711466789245605, 0.4859471023082733, 0.48541054129600525, 0.4802134335041046, 0.4709845185279846, 0.4706425070762634, 0.45685458183288574, 0.4566986560821533, 0.45475468039512634, 0.44303998351097107, 0.43924883008003235, 0.4186951816082001, 0.410355806350708, 0.3913843035697937, 0.376613050699234, 0.3761315941810608, 0.34212860465049744, 0.3556000292301178, 0.3427377939224243, 0.3384368419647217, 0.3232556879520416, 0.30018630623817444, 0.2804928123950958, 0.3002210259437561, 0.2621466815471649, 0.2582440674304962, 0.24702675640583038, 0.23368839919567108, 0.23223759233951569, 0.21677076816558838, 0.21595270931720734, 0.21085761487483978, 0.21485580503940582, 0.20066265761852264, 0.20869080722332, 0.1744118183851242, 0.1965358555316925, 0.1578861027956009, 0.16804616153240204, 0.17112573981285095, 0.1796269416809082], "val_mae": [0.6306865811347961, 0.6356236338615417, 0.6214079856872559, 0.6345641016960144, 0.6263847947120667, 0.6251184344291687, 0.6168627142906189, 0.6201399564743042, 0.617457926273346, 0.6062742471694946, 0.6101135015487671, 0.6000776886940002, 0.604938805103302, 0.5794777274131775, 0.5669782757759094, 0.5669956207275391, 0.5485156178474426, 0.5603272914886475, 0.5337953567504883, 0.5476948618888855, 0.523530900478363, 0.5275961756706238, 0.5056421160697937, 0.4960547983646393, 0.4646323621273041, 0.48232606053352356, 0.4489366412162781, 0.4496062695980072, 0.43779268860816956, 0.4337921142578125, 0.4114583730697632, 0.4093497693538666, 0.39845284819602966, 0.3975549340248108, 0.40054407715797424, 0.3856307864189148, 0.3865412175655365, 0.35268014669418335, 0.38013380765914917, 0.3219626843929291, 0.33470794558525085, 0.33653244376182556, 0.34853267669677734]}